"","Date","Islander","Negative","total_tweets"
"1","2022-06-05","Adam",0,1
"2","2022-06-05","Afia",0,0
"3","2022-06-05","Amber",0,12
"4","2022-06-05","Andrew",0,5
"5","2022-06-05","Antigoni",0,0
"6","2022-06-05","Billy",0,0
"7","2022-06-05","Charlie",0,0
"8","2022-06-05","Chyna",0,0
"9","2022-06-05","Coco",0,0
"10","2022-06-05","Dami",2,11
"11","2022-06-05","Danica",0,0
"12","2022-06-05","Davide",0,7
"13","2022-06-05","Deji",0,0
"14","2022-06-05","Ekin-Su",0,0
"15","2022-06-05","Gemma",0,15
"16","2022-06-05","Ikenna",0,6
"17","2022-06-05","Indiyah",0,18
"18","2022-06-05","Jacques",0,0
"19","2022-06-05","Jamie",0,0
"20","2022-06-05","Jay",0,0
"21","2022-06-05","Josh",0,0
"22","2022-06-05","Lacey",0,0
"23","2022-06-05","Liam",0,9
"24","2022-06-05","Luca",0,7
"25","2022-06-05","Nathalia",0,0
"26","2022-06-05","Paige",0,20
"27","2022-06-05","Reece",0,0
"28","2022-06-05","Remi",0,4
"29","2022-06-05","Summer",0,19
"30","2022-06-05","Tasha",0,14
"31","2022-06-06","Adam",3,17
"32","2022-06-06","Afia",17,1261
"33","2022-06-06","Amber",17,729
"34","2022-06-06","Andrew",13,171
"35","2022-06-06","Antigoni",0,0
"36","2022-06-06","Billy",0,0
"37","2022-06-06","Charlie",0,3
"38","2022-06-06","Chyna",0,0
"39","2022-06-06","Coco",0,4
"40","2022-06-06","Dami",8,395
"41","2022-06-06","Danica",0,0
"42","2022-06-06","Davide",95,4153
"43","2022-06-06","Deji",0,0
"44","2022-06-06","Ekin-Su",1,7
"45","2022-06-06","Gemma",577,5993
"46","2022-06-06","Ikenna",44,1030
"47","2022-06-06","Indiyah",42,1042
"48","2022-06-06","Jacques",0,2
"49","2022-06-06","Jamie",0,2
"50","2022-06-06","Jay",0,10
"51","2022-06-06","Josh",0,1
"52","2022-06-06","Lacey",0,0
"53","2022-06-06","Liam",50,1227
"54","2022-06-06","Luca",6,338
"55","2022-06-06","Nathalia",1,2
"56","2022-06-06","Paige",17,1063
"57","2022-06-06","Reece",0,1
"58","2022-06-06","Remi",1,80
"59","2022-06-06","Summer",1,60
"60","2022-06-06","Tasha",8,736
"61","2022-06-07","Adam",1,15
"62","2022-06-07","Afia",3,358
"63","2022-06-07","Amber",29,644
"64","2022-06-07","Andrew",16,403
"65","2022-06-07","Antigoni",0,0
"66","2022-06-07","Billy",0,2
"67","2022-06-07","Charlie",0,4
"68","2022-06-07","Chyna",0,0
"69","2022-06-07","Coco",0,2
"70","2022-06-07","Dami",5,261
"71","2022-06-07","Danica",0,0
"72","2022-06-07","Davide",263,6874
"73","2022-06-07","Deji",0,0
"74","2022-06-07","Ekin-Su",11,489
"75","2022-06-07","Gemma",166,4295
"76","2022-06-07","Ikenna",23,401
"77","2022-06-07","Indiyah",47,1216
"78","2022-06-07","Jacques",0,2
"79","2022-06-07","Jamie",0,1
"80","2022-06-07","Jay",0,5
"81","2022-06-07","Josh",1,3
"82","2022-06-07","Lacey",0,0
"83","2022-06-07","Liam",73,1386
"84","2022-06-07","Luca",19,970
"85","2022-06-07","Nathalia",0,1
"86","2022-06-07","Paige",8,486
"87","2022-06-07","Reece",0,0
"88","2022-06-07","Remi",2,100
"89","2022-06-07","Summer",2,30
"90","2022-06-07","Tasha",12,562
"91","2022-06-08","Adam",2,18
"92","2022-06-08","Afia",3,290
"93","2022-06-08","Amber",20,1069
"94","2022-06-08","Andrew",278,3582
"95","2022-06-08","Antigoni",0,0
"96","2022-06-08","Billy",0,2
"97","2022-06-08","Charlie",0,1
"98","2022-06-08","Chyna",0,2
"99","2022-06-08","Coco",0,1
"100","2022-06-08","Dami",56,2177
"101","2022-06-08","Danica",0,0
"102","2022-06-08","Davide",117,1946
"103","2022-06-08","Deji",0,1
"104","2022-06-08","Ekin-Su",8,812
"105","2022-06-08","Gemma",155,2467
"106","2022-06-08","Ikenna",36,1156
"107","2022-06-08","Indiyah",32,1665
"108","2022-06-08","Jacques",0,5
"109","2022-06-08","Jamie",0,1
"110","2022-06-08","Jay",0,7
"111","2022-06-08","Josh",0,1
"112","2022-06-08","Lacey",0,0
"113","2022-06-08","Liam",70,2767
"114","2022-06-08","Luca",115,2122
"115","2022-06-08","Nathalia",0,0
"116","2022-06-08","Paige",22,479
"117","2022-06-08","Reece",0,0
"118","2022-06-08","Remi",4,93
"119","2022-06-08","Summer",0,14
"120","2022-06-08","Tasha",64,712
"121","2022-06-09","Adam",1,15
"122","2022-06-09","Afia",7,333
"123","2022-06-09","Amber",5,251
"124","2022-06-09","Andrew",39,1126
"125","2022-06-09","Antigoni",0,1
"126","2022-06-09","Billy",0,0
"127","2022-06-09","Charlie",0,0
"128","2022-06-09","Chyna",0,0
"129","2022-06-09","Coco",0,3
"130","2022-06-09","Dami",18,1477
"131","2022-06-09","Danica",0,0
"132","2022-06-09","Davide",88,2793
"133","2022-06-09","Deji",0,0
"134","2022-06-09","Ekin-Su",71,1766
"135","2022-06-09","Gemma",406,5885
"136","2022-06-09","Ikenna",8,432
"137","2022-06-09","Indiyah",25,1075
"138","2022-06-09","Jacques",0,3
"139","2022-06-09","Jamie",0,0
"140","2022-06-09","Jay",0,3
"141","2022-06-09","Josh",0,0
"142","2022-06-09","Lacey",0,0
"143","2022-06-09","Liam",21,956
"144","2022-06-09","Luca",204,5388
"145","2022-06-09","Nathalia",0,0
"146","2022-06-09","Paige",29,1315
"147","2022-06-09","Reece",0,2
"148","2022-06-09","Remi",3,62
"149","2022-06-09","Summer",1,18
"150","2022-06-09","Tasha",29,1392
"151","2022-06-10","Adam",0,8
"152","2022-06-10","Afia",25,928
"153","2022-06-10","Amber",10,475
"154","2022-06-10","Andrew",19,280
"155","2022-06-10","Antigoni",0,1
"156","2022-06-10","Billy",0,1
"157","2022-06-10","Charlie",0,2
"158","2022-06-10","Chyna",0,0
"159","2022-06-10","Coco",0,0
"160","2022-06-10","Dami",20,1051
"161","2022-06-10","Danica",0,0
"162","2022-06-10","Davide",88,2168
"163","2022-06-10","Deji",0,0
"164","2022-06-10","Ekin-Su",31,1015
"165","2022-06-10","Gemma",107,4306
"166","2022-06-10","Ikenna",59,1697
"167","2022-06-10","Indiyah",40,1385
"168","2022-06-10","Jacques",0,30
"169","2022-06-10","Jamie",0,4
"170","2022-06-10","Jay",0,4
"171","2022-06-10","Josh",0,2
"172","2022-06-10","Lacey",0,0
"173","2022-06-10","Liam",23,967
"174","2022-06-10","Luca",127,2366
"175","2022-06-10","Nathalia",0,0
"176","2022-06-10","Paige",110,3727
"177","2022-06-10","Reece",0,0
"178","2022-06-10","Remi",1,55
"179","2022-06-10","Summer",0,8
"180","2022-06-10","Tasha",9,387
"181","2022-06-11","Adam",0,1
"182","2022-06-11","Afia",4,95
"183","2022-06-11","Amber",5,188
"184","2022-06-11","Andrew",8,134
"185","2022-06-11","Antigoni",0,0
"186","2022-06-11","Billy",0,3
"187","2022-06-11","Charlie",0,1
"188","2022-06-11","Chyna",0,1
"189","2022-06-11","Coco",0,1
"190","2022-06-11","Dami",3,452
"191","2022-06-11","Danica",0,0
"192","2022-06-11","Davide",44,649
"193","2022-06-11","Deji",0,0
"194","2022-06-11","Ekin-Su",7,246
"195","2022-06-11","Gemma",82,1180
"196","2022-06-11","Ikenna",26,805
"197","2022-06-11","Indiyah",20,619
"198","2022-06-11","Jacques",0,38
"199","2022-06-11","Jamie",0,1
"200","2022-06-11","Jay",1,1
"201","2022-06-11","Josh",0,1
"202","2022-06-11","Lacey",0,0
"203","2022-06-11","Liam",14,682
"204","2022-06-11","Luca",26,538
"205","2022-06-11","Nathalia",0,2
"206","2022-06-11","Paige",15,499
"207","2022-06-11","Reece",0,20
"208","2022-06-11","Remi",0,21
"209","2022-06-11","Summer",0,36
"210","2022-06-11","Tasha",4,177
"211","2022-06-12","Adam",0,9
"212","2022-06-12","Afia",9,216
"213","2022-06-12","Amber",14,171
"214","2022-06-12","Andrew",7,109
"215","2022-06-12","Antigoni",0,0
"216","2022-06-12","Billy",0,0
"217","2022-06-12","Charlie",0,0
"218","2022-06-12","Chyna",0,1
"219","2022-06-12","Coco",0,0
"220","2022-06-12","Dami",38,1189
"221","2022-06-12","Danica",0,0
"222","2022-06-12","Davide",74,2529
"223","2022-06-12","Deji",0,0
"224","2022-06-12","Ekin-Su",127,5289
"225","2022-06-12","Gemma",240,5251
"226","2022-06-12","Ikenna",29,847
"227","2022-06-12","Indiyah",41,1448
"228","2022-06-12","Jacques",65,2006
"229","2022-06-12","Jamie",0,0
"230","2022-06-12","Jay",0,5
"231","2022-06-12","Josh",0,5
"232","2022-06-12","Lacey",0,1
"233","2022-06-12","Liam",2,140
"234","2022-06-12","Luca",138,2678
"235","2022-06-12","Nathalia",0,0
"236","2022-06-12","Paige",36,1478
"237","2022-06-12","Reece",0,2
"238","2022-06-12","Remi",3,63
"239","2022-06-12","Summer",0,22
"240","2022-06-12","Tasha",3,104
"241","2022-06-13","Adam",0,4
"242","2022-06-13","Afia",104,4623
"243","2022-06-13","Amber",31,864
"244","2022-06-13","Andrew",15,198
"245","2022-06-13","Antigoni",0,0
"246","2022-06-13","Billy",0,1
"247","2022-06-13","Charlie",0,6
"248","2022-06-13","Chyna",0,2
"249","2022-06-13","Coco",0,1
"250","2022-06-13","Dami",41,1108
"251","2022-06-13","Danica",0,0
"252","2022-06-13","Davide",35,1385
"253","2022-06-13","Deji",0,0
"254","2022-06-13","Ekin-Su",37,1579
"255","2022-06-13","Gemma",203,2947
"256","2022-06-13","Ikenna",17,769
"257","2022-06-13","Indiyah",26,1120
"258","2022-06-13","Jacques",27,989
"259","2022-06-13","Jamie",0,5
"260","2022-06-13","Jay",2,39
"261","2022-06-13","Josh",0,3
"262","2022-06-13","Lacey",0,3
"263","2022-06-13","Liam",2,56
"264","2022-06-13","Luca",182,2411
"265","2022-06-13","Nathalia",0,0
"266","2022-06-13","Paige",44,1303
"267","2022-06-13","Reece",1,2
"268","2022-06-13","Remi",13,569
"269","2022-06-13","Summer",2,80
"270","2022-06-13","Tasha",14,274
"271","2022-06-14","Adam",3,18
"272","2022-06-14","Afia",2,40
"273","2022-06-14","Amber",31,812
"274","2022-06-14","Andrew",22,302
"275","2022-06-14","Antigoni",0,1
"276","2022-06-14","Billy",0,3
"277","2022-06-14","Charlie",0,0
"278","2022-06-14","Chyna",0,1
"279","2022-06-14","Coco",0,3
"280","2022-06-14","Dami",29,1234
"281","2022-06-14","Danica",0,0
"282","2022-06-14","Davide",177,2785
"283","2022-06-14","Deji",0,1
"284","2022-06-14","Ekin-Su",135,5766
"285","2022-06-14","Gemma",45,991
"286","2022-06-14","Ikenna",54,1847
"287","2022-06-14","Indiyah",68,2075
"288","2022-06-14","Jacques",29,1096
"289","2022-06-14","Jamie",0,1
"290","2022-06-14","Jay",12,436
"291","2022-06-14","Josh",0,4
"292","2022-06-14","Lacey",0,0
"293","2022-06-14","Liam",2,39
"294","2022-06-14","Luca",83,1364
"295","2022-06-14","Nathalia",0,0
"296","2022-06-14","Paige",12,686
"297","2022-06-14","Reece",0,5
"298","2022-06-14","Remi",28,1147
"299","2022-06-14","Summer",1,24
"300","2022-06-14","Tasha",10,399
"301","2022-06-15","Adam",1,24
"302","2022-06-15","Afia",1,29
"303","2022-06-15","Amber",15,284
"304","2022-06-15","Andrew",34,620
"305","2022-06-15","Antigoni",0,0
"306","2022-06-15","Billy",0,2
"307","2022-06-15","Charlie",0,1
"308","2022-06-15","Chyna",0,1
"309","2022-06-15","Coco",0,1
"310","2022-06-15","Dami",6,224
"311","2022-06-15","Danica",0,0
"312","2022-06-15","Davide",106,6516
"313","2022-06-15","Deji",0,0
"314","2022-06-15","Ekin-Su",180,7967
"315","2022-06-15","Gemma",29,736
"316","2022-06-15","Ikenna",18,445
"317","2022-06-15","Indiyah",36,579
"318","2022-06-15","Jacques",11,233
"319","2022-06-15","Jamie",0,4
"320","2022-06-15","Jay",62,2038
"321","2022-06-15","Josh",0,2
"322","2022-06-15","Lacey",0,0
"323","2022-06-15","Liam",0,16
"324","2022-06-15","Luca",28,605
"325","2022-06-15","Nathalia",0,0
"326","2022-06-15","Paige",18,989
"327","2022-06-15","Reece",0,6
"328","2022-06-15","Remi",79,1662
"329","2022-06-15","Summer",1,52
"330","2022-06-15","Tasha",54,1117
"331","2022-06-16","Adam",2,21
"332","2022-06-16","Afia",0,19
"333","2022-06-16","Amber",64,613
"334","2022-06-16","Andrew",12,154
"335","2022-06-16","Antigoni",0,0
"336","2022-06-16","Billy",0,2
"337","2022-06-16","Charlie",0,0
"338","2022-06-16","Chyna",0,0
"339","2022-06-16","Coco",0,0
"340","2022-06-16","Dami",46,777
"341","2022-06-16","Danica",0,0
"342","2022-06-16","Davide",313,7428
"343","2022-06-16","Deji",1,1
"344","2022-06-16","Ekin-Su",576,9662
"345","2022-06-16","Gemma",46,901
"346","2022-06-16","Ikenna",8,202
"347","2022-06-16","Indiyah",11,167
"348","2022-06-16","Jacques",2,101
"349","2022-06-16","Jamie",0,2
"350","2022-06-16","Jay",83,1523
"351","2022-06-16","Josh",0,0
"352","2022-06-16","Lacey",0,1
"353","2022-06-16","Liam",0,26
"354","2022-06-16","Luca",19,420
"355","2022-06-16","Nathalia",0,0
"356","2022-06-16","Paige",9,204
"357","2022-06-16","Reece",0,2
"358","2022-06-16","Remi",16,264
"359","2022-06-16","Summer",1,38
"360","2022-06-16","Tasha",15,252
"361","2022-06-17","Adam",0,5
"362","2022-06-17","Afia",0,20
"363","2022-06-17","Amber",359,4825
"364","2022-06-17","Andrew",27,293
"365","2022-06-17","Antigoni",0,0
"366","2022-06-17","Billy",0,1
"367","2022-06-17","Charlie",0,1
"368","2022-06-17","Chyna",0,0
"369","2022-06-17","Coco",0,0
"370","2022-06-17","Dami",48,1091
"371","2022-06-17","Danica",43,2047
"372","2022-06-17","Davide",114,2160
"373","2022-06-17","Deji",0,0
"374","2022-06-17","Ekin-Su",296,4090
"375","2022-06-17","Gemma",56,1130
"376","2022-06-17","Ikenna",12,296
"377","2022-06-17","Indiyah",27,597
"378","2022-06-17","Jacques",35,1344
"379","2022-06-17","Jamie",0,0
"380","2022-06-17","Jay",24,684
"381","2022-06-17","Josh",0,2
"382","2022-06-17","Lacey",0,0
"383","2022-06-17","Liam",0,15
"384","2022-06-17","Luca",49,1923
"385","2022-06-17","Nathalia",0,0
"386","2022-06-17","Paige",21,551
"387","2022-06-17","Reece",0,1
"388","2022-06-17","Remi",48,1288
"389","2022-06-17","Summer",1,9
"390","2022-06-17","Tasha",21,335
"391","2022-06-18","Adam",0,0
"392","2022-06-18","Afia",0,0
"393","2022-06-18","Amber",1,3
"394","2022-06-18","Andrew",0,1
"395","2022-06-18","Antigoni",0,0
"396","2022-06-18","Billy",0,0
"397","2022-06-18","Charlie",0,0
"398","2022-06-18","Chyna",0,0
"399","2022-06-18","Coco",0,0
"400","2022-06-18","Dami",0,4
"401","2022-06-18","Danica",0,0
"402","2022-06-18","Davide",0,8
"403","2022-06-18","Deji",0,0
"404","2022-06-18","Ekin-Su",0,5
"405","2022-06-18","Gemma",0,3
"406","2022-06-18","Ikenna",1,2
"407","2022-06-18","Indiyah",1,2
"408","2022-06-18","Jacques",0,2
"409","2022-06-18","Jamie",0,0
"410","2022-06-18","Jay",0,4
"411","2022-06-18","Josh",0,0
"412","2022-06-18","Lacey",0,0
"413","2022-06-18","Liam",0,0
"414","2022-06-18","Luca",0,4
"415","2022-06-18","Nathalia",0,0
"416","2022-06-18","Paige",0,0
"417","2022-06-18","Reece",0,0
"418","2022-06-18","Remi",0,0
"419","2022-06-18","Summer",0,0
"420","2022-06-18","Tasha",0,4
"421","2022-06-19","Adam",0,8
"422","2022-06-19","Afia",3,166
"423","2022-06-19","Amber",319,3284
"424","2022-06-19","Andrew",13,149
"425","2022-06-19","Antigoni",0,0
"426","2022-06-19","Billy",0,1
"427","2022-06-19","Charlie",0,0
"428","2022-06-19","Chyna",0,0
"429","2022-06-19","Coco",0,1
"430","2022-06-19","Dami",86,4545
"431","2022-06-19","Danica",51,1634
"432","2022-06-19","Davide",27,1025
"433","2022-06-19","Deji",0,0
"434","2022-06-19","Ekin-Su",320,4042
"435","2022-06-19","Gemma",62,1114
"436","2022-06-19","Ikenna",75,2190
"437","2022-06-19","Indiyah",86,4210
"438","2022-06-19","Jacques",39,1019
"439","2022-06-19","Jamie",0,0
"440","2022-06-19","Jay",33,1036
"441","2022-06-19","Josh",0,2
"442","2022-06-19","Lacey",0,0
"443","2022-06-19","Liam",1,31
"444","2022-06-19","Luca",82,1353
"445","2022-06-19","Nathalia",0,0
"446","2022-06-19","Paige",21,751
"447","2022-06-19","Reece",0,4
"448","2022-06-19","Remi",73,1841
"449","2022-06-19","Summer",3,14
"450","2022-06-19","Tasha",21,205
"451","2022-06-20","Adam",0,3
"452","2022-06-20","Afia",0,7
"453","2022-06-20","Amber",181,3422
"454","2022-06-20","Andrew",142,1739
"455","2022-06-20","Antigoni",0,1
"456","2022-06-20","Billy",0,0
"457","2022-06-20","Charlie",0,1
"458","2022-06-20","Chyna",0,0
"459","2022-06-20","Coco",0,0
"460","2022-06-20","Dami",74,3582
"461","2022-06-20","Danica",3,232
"462","2022-06-20","Davide",31,1196
"463","2022-06-20","Deji",0,0
"464","2022-06-20","Ekin-Su",241,4125
"465","2022-06-20","Gemma",52,945
"466","2022-06-20","Ikenna",111,2368
"467","2022-06-20","Indiyah",55,2476
"468","2022-06-20","Jacques",18,846
"469","2022-06-20","Jamie",0,0
"470","2022-06-20","Jay",68,1065
"471","2022-06-20","Josh",0,0
"472","2022-06-20","Lacey",0,0
"473","2022-06-20","Liam",2,22
"474","2022-06-20","Luca",8,469
"475","2022-06-20","Nathalia",0,0
"476","2022-06-20","Paige",33,1439
"477","2022-06-20","Reece",0,4
"478","2022-06-20","Remi",4,132
"479","2022-06-20","Summer",0,13
"480","2022-06-20","Tasha",131,1528
"481","2022-06-21","Adam",0,12
"482","2022-06-21","Afia",2,10
"483","2022-06-21","Amber",47,800
"484","2022-06-21","Andrew",25,227
"485","2022-06-21","Antigoni",5,159
"486","2022-06-21","Billy",0,0
"487","2022-06-21","Charlie",0,2
"488","2022-06-21","Chyna",0,0
"489","2022-06-21","Coco",0,1
"490","2022-06-21","Dami",74,5822
"491","2022-06-21","Danica",48,797
"492","2022-06-21","Davide",37,872
"493","2022-06-21","Deji",0,0
"494","2022-06-21","Ekin-Su",253,3135
"495","2022-06-21","Gemma",70,949
"496","2022-06-21","Ikenna",43,1012
"497","2022-06-21","Indiyah",59,4695
"498","2022-06-21","Jacques",79,1629
"499","2022-06-21","Jamie",0,0
"500","2022-06-21","Jay",119,1970
"501","2022-06-21","Josh",0,1
"502","2022-06-21","Lacey",0,0
"503","2022-06-21","Liam",0,13
"504","2022-06-21","Luca",199,2462
"505","2022-06-21","Nathalia",0,0
"506","2022-06-21","Paige",42,1592
"507","2022-06-21","Reece",0,0
"508","2022-06-21","Remi",5,99
"509","2022-06-21","Summer",0,20
"510","2022-06-21","Tasha",46,550
"511","2022-06-22","Adam",0,15
"512","2022-06-22","Afia",0,6
"513","2022-06-22","Amber",19,141
"514","2022-06-22","Andrew",9,147
"515","2022-06-22","Antigoni",15,880
"516","2022-06-22","Billy",0,1
"517","2022-06-22","Charlie",74,2732
"518","2022-06-22","Chyna",0,0
"519","2022-06-22","Coco",0,2
"520","2022-06-22","Dami",15,775
"521","2022-06-22","Danica",52,823
"522","2022-06-22","Davide",148,4615
"523","2022-06-22","Deji",0,0
"524","2022-06-22","Ekin-Su",265,8704
"525","2022-06-22","Gemma",125,1835
"526","2022-06-22","Ikenna",2,86
"527","2022-06-22","Indiyah",8,571
"528","2022-06-22","Jacques",3,130
"529","2022-06-22","Jamie",0,2
"530","2022-06-22","Jay",78,2071
"531","2022-06-22","Josh",0,2
"532","2022-06-22","Lacey",0,0
"533","2022-06-22","Liam",1,38
"534","2022-06-22","Luca",109,1207
"535","2022-06-22","Nathalia",0,0
"536","2022-06-22","Paige",10,516
"537","2022-06-22","Reece",0,7
"538","2022-06-22","Remi",2,121
"539","2022-06-22","Summer",0,33
"540","2022-06-22","Tasha",9,309
"541","2022-06-23","Adam",0,5
"542","2022-06-23","Afia",0,14
"543","2022-06-23","Amber",15,185
"544","2022-06-23","Andrew",203,2654
"545","2022-06-23","Antigoni",11,898
"546","2022-06-23","Billy",0,2
"547","2022-06-23","Charlie",151,2142
"548","2022-06-23","Chyna",0,1
"549","2022-06-23","Coco",0,3
"550","2022-06-23","Dami",28,642
"551","2022-06-23","Danica",12,611
"552","2022-06-23","Davide",154,4204
"553","2022-06-23","Deji",0,0
"554","2022-06-23","Ekin-Su",456,6342
"555","2022-06-23","Gemma",32,437
"556","2022-06-23","Ikenna",4,45
"557","2022-06-23","Indiyah",52,1028
"558","2022-06-23","Jacques",58,996
"559","2022-06-23","Jamie",0,0
"560","2022-06-23","Jay",119,2018
"561","2022-06-23","Josh",1,4
"562","2022-06-23","Lacey",0,0
"563","2022-06-23","Liam",2,33
"564","2022-06-23","Luca",87,833
"565","2022-06-23","Nathalia",0,0
"566","2022-06-23","Paige",84,1916
"567","2022-06-23","Reece",0,2
"568","2022-06-23","Remi",5,118
"569","2022-06-23","Summer",1,87
"570","2022-06-23","Tasha",280,3926
"571","2022-06-24","Adam",0,5
"572","2022-06-24","Afia",3,7
"573","2022-06-24","Amber",4,125
"574","2022-06-24","Andrew",332,3894
"575","2022-06-24","Antigoni",12,344
"576","2022-06-24","Billy",0,0
"577","2022-06-24","Charlie",38,656
"578","2022-06-24","Chyna",0,0
"579","2022-06-24","Coco",1,2
"580","2022-06-24","Dami",48,3003
"581","2022-06-24","Danica",46,1062
"582","2022-06-24","Davide",100,1237
"583","2022-06-24","Deji",0,1
"584","2022-06-24","Ekin-Su",200,2958
"585","2022-06-24","Gemma",37,737
"586","2022-06-24","Ikenna",3,87
"587","2022-06-24","Indiyah",32,2000
"588","2022-06-24","Jacques",114,3068
"589","2022-06-24","Jamie",0,2
"590","2022-06-24","Jay",87,2051
"591","2022-06-24","Josh",0,2
"592","2022-06-24","Lacey",0,0
"593","2022-06-24","Liam",3,25
"594","2022-06-24","Luca",123,1672
"595","2022-06-24","Nathalia",0,0
"596","2022-06-24","Paige",92,3477
"597","2022-06-24","Reece",0,4
"598","2022-06-24","Remi",7,94
"599","2022-06-24","Summer",0,20
"600","2022-06-24","Tasha",643,6589
"601","2022-06-25","Adam",0,2
"602","2022-06-25","Afia",1,12
"603","2022-06-25","Amber",17,133
"604","2022-06-25","Andrew",61,661
"605","2022-06-25","Antigoni",3,162
"606","2022-06-25","Billy",0,0
"607","2022-06-25","Charlie",18,268
"608","2022-06-25","Chyna",0,1
"609","2022-06-25","Coco",0,0
"610","2022-06-25","Dami",30,732
"611","2022-06-25","Danica",19,370
"612","2022-06-25","Davide",44,853
"613","2022-06-25","Deji",0,0
"614","2022-06-25","Ekin-Su",77,841
"615","2022-06-25","Gemma",31,740
"616","2022-06-25","Ikenna",2,199
"617","2022-06-25","Indiyah",29,662
"618","2022-06-25","Jacques",47,664
"619","2022-06-25","Jamie",1,2
"620","2022-06-25","Jay",21,367
"621","2022-06-25","Josh",0,0
"622","2022-06-25","Lacey",0,0
"623","2022-06-25","Liam",0,32
"624","2022-06-25","Luca",99,1161
"625","2022-06-25","Nathalia",0,0
"626","2022-06-25","Paige",18,526
"627","2022-06-25","Reece",0,9
"628","2022-06-25","Remi",2,90
"629","2022-06-25","Summer",0,23
"630","2022-06-25","Tasha",92,1124
"631","2022-06-26","Adam",0,4
"632","2022-06-26","Afia",3,13
"633","2022-06-26","Amber",78,1359
"634","2022-06-26","Andrew",37,459
"635","2022-06-26","Antigoni",4,147
"636","2022-06-26","Billy",0,1
"637","2022-06-26","Charlie",21,259
"638","2022-06-26","Chyna",0,1
"639","2022-06-26","Coco",0,1
"640","2022-06-26","Dami",105,4799
"641","2022-06-26","Danica",3,371
"642","2022-06-26","Davide",155,2688
"643","2022-06-26","Deji",0,1
"644","2022-06-26","Ekin-Su",237,4423
"645","2022-06-26","Gemma",56,1917
"646","2022-06-26","Ikenna",37,946
"647","2022-06-26","Indiyah",71,3502
"648","2022-06-26","Jacques",119,2943
"649","2022-06-26","Jamie",0,1
"650","2022-06-26","Jay",41,805
"651","2022-06-26","Josh",0,0
"652","2022-06-26","Lacey",0,0
"653","2022-06-26","Liam",4,23
"654","2022-06-26","Luca",49,1011
"655","2022-06-26","Nathalia",0,0
"656","2022-06-26","Paige",82,2041
"657","2022-06-26","Reece",0,4
"658","2022-06-26","Remi",2,81
"659","2022-06-26","Summer",0,19
"660","2022-06-26","Tasha",95,1312
"661","2022-06-27","Adam",0,7
"662","2022-06-27","Afia",1,3
"663","2022-06-27","Amber",7,40
"664","2022-06-27","Andrew",132,2139
"665","2022-06-27","Antigoni",18,872
"666","2022-06-27","Billy",0,1
"667","2022-06-27","Charlie",43,670
"668","2022-06-27","Chyna",0,0
"669","2022-06-27","Coco",0,0
"670","2022-06-27","Dami",137,2189
"671","2022-06-27","Danica",14,658
"672","2022-06-27","Davide",28,775
"673","2022-06-27","Deji",0,0
"674","2022-06-27","Ekin-Su",145,2199
"675","2022-06-27","Gemma",179,2537
"676","2022-06-27","Ikenna",4,27
"677","2022-06-27","Indiyah",41,791
"678","2022-06-27","Jacques",301,2812
"679","2022-06-27","Jamie",0,1
"680","2022-06-27","Jay",73,1129
"681","2022-06-27","Josh",0,4
"682","2022-06-27","Lacey",0,0
"683","2022-06-27","Liam",2,18
"684","2022-06-27","Luca",283,3937
"685","2022-06-27","Nathalia",0,0
"686","2022-06-27","Paige",182,2950
"687","2022-06-27","Reece",0,0
"688","2022-06-27","Remi",3,79
"689","2022-06-27","Summer",0,23
"690","2022-06-27","Tasha",215,3099
"691","2022-06-28","Adam",0,4
"692","2022-06-28","Afia",1,6
"693","2022-06-28","Amber",3,33
"694","2022-06-28","Andrew",136,2457
"695","2022-06-28","Antigoni",3,161
"696","2022-06-28","Billy",0,1
"697","2022-06-28","Charlie",23,682
"698","2022-06-28","Chyna",0,0
"699","2022-06-28","Coco",0,0
"700","2022-06-28","Dami",26,1151
"701","2022-06-28","Danica",37,1184
"702","2022-06-28","Davide",172,3627
"703","2022-06-28","Deji",0,0
"704","2022-06-28","Ekin-Su",175,3959
"705","2022-06-28","Gemma",82,1209
"706","2022-06-28","Ikenna",2,31
"707","2022-06-28","Indiyah",12,1255
"708","2022-06-28","Jacques",722,4884
"709","2022-06-28","Jamie",0,0
"710","2022-06-28","Jay",21,508
"711","2022-06-28","Josh",1,1
"712","2022-06-28","Lacey",0,0
"713","2022-06-28","Liam",0,12
"714","2022-06-28","Luca",94,1178
"715","2022-06-28","Nathalia",0,0
"716","2022-06-28","Paige",324,3499
"717","2022-06-28","Reece",0,0
"718","2022-06-28","Remi",10,98
"719","2022-06-28","Summer",0,7
"720","2022-06-28","Tasha",226,4306
"721","2022-06-29","Adam",0,6
"722","2022-06-29","Afia",1,12
"723","2022-06-29","Amber",6,44
"724","2022-06-29","Andrew",34,702
"725","2022-06-29","Antigoni",142,2723
"726","2022-06-29","Billy",0,0
"727","2022-06-29","Charlie",59,1120
"728","2022-06-29","Chyna",0,0
"729","2022-06-29","Coco",0,2
"730","2022-06-29","Dami",54,1883
"731","2022-06-29","Danica",308,5700
"732","2022-06-29","Davide",177,4192
"733","2022-06-29","Deji",0,0
"734","2022-06-29","Ekin-Su",228,4617
"735","2022-06-29","Gemma",43,792
"736","2022-06-29","Ikenna",1,21
"737","2022-06-29","Indiyah",74,1757
"738","2022-06-29","Jacques",99,912
"739","2022-06-29","Jamie",0,1
"740","2022-06-29","Jay",97,1732
"741","2022-06-29","Josh",0,0
"742","2022-06-29","Lacey",0,0
"743","2022-06-29","Liam",2,55
"744","2022-06-29","Luca",53,1446
"745","2022-06-29","Nathalia",0,0
"746","2022-06-29","Paige",340,2878
"747","2022-06-29","Reece",0,3
"748","2022-06-29","Remi",3,60
"749","2022-06-29","Summer",0,12
"750","2022-06-29","Tasha",86,1096
"751","2022-06-30","Adam",0,0
"752","2022-06-30","Afia",0,8
"753","2022-06-30","Amber",8,46
"754","2022-06-30","Andrew",272,3043
"755","2022-06-30","Antigoni",45,675
"756","2022-06-30","Billy",0,0
"757","2022-06-30","Charlie",182,1676
"758","2022-06-30","Chyna",0,0
"759","2022-06-30","Coco",0,2
"760","2022-06-30","Dami",25,1297
"761","2022-06-30","Danica",272,2405
"762","2022-06-30","Davide",71,2485
"763","2022-06-30","Deji",0,0
"764","2022-06-30","Ekin-Su",88,2921
"765","2022-06-30","Gemma",49,993
"766","2022-06-30","Ikenna",2,21
"767","2022-06-30","Indiyah",26,1168
"768","2022-06-30","Jacques",68,1253
"769","2022-06-30","Jamie",0,0
"770","2022-06-30","Jay",43,438
"771","2022-06-30","Josh",0,1
"772","2022-06-30","Lacey",0,0
"773","2022-06-30","Liam",0,19
"774","2022-06-30","Luca",58,950
"775","2022-06-30","Nathalia",0,0
"776","2022-06-30","Paige",105,1658
"777","2022-06-30","Reece",0,4
"778","2022-06-30","Remi",0,35
"779","2022-06-30","Summer",0,12
"780","2022-06-30","Tasha",393,4829
"781","2022-07-01","Adam",0,5
"782","2022-07-01","Afia",0,4
"783","2022-07-01","Amber",2,40
"784","2022-07-01","Andrew",37,572
"785","2022-07-01","Antigoni",52,352
"786","2022-07-01","Billy",6,264
"787","2022-07-01","Charlie",12,109
"788","2022-07-01","Chyna",1,5
"789","2022-07-01","Coco",0,3
"790","2022-07-01","Dami",17,1008
"791","2022-07-01","Danica",74,1379
"792","2022-07-01","Davide",42,1625
"793","2022-07-01","Deji",5,532
"794","2022-07-01","Ekin-Su",61,2441
"795","2022-07-01","Gemma",27,1120
"796","2022-07-01","Ikenna",0,22
"797","2022-07-01","Indiyah",22,1111
"798","2022-07-01","Jacques",115,629
"799","2022-07-01","Jamie",0,1
"800","2022-07-01","Jay",13,137
"801","2022-07-01","Josh",18,1141
"802","2022-07-01","Lacey",0,0
"803","2022-07-01","Liam",0,18
"804","2022-07-01","Luca",33,932
"805","2022-07-01","Nathalia",0,0
"806","2022-07-01","Paige",177,1293
"807","2022-07-01","Reece",0,3
"808","2022-07-01","Remi",1,70
"809","2022-07-01","Summer",1,60
"810","2022-07-01","Tasha",108,1686
"811","2022-07-02","Adam",0,1
"812","2022-07-02","Afia",0,6
"813","2022-07-02","Amber",18,57
"814","2022-07-02","Andrew",37,336
"815","2022-07-02","Antigoni",67,435
"816","2022-07-02","Billy",1,28
"817","2022-07-02","Charlie",30,251
"818","2022-07-02","Chyna",1,23
"819","2022-07-02","Coco",0,21
"820","2022-07-02","Dami",29,843
"821","2022-07-02","Danica",68,723
"822","2022-07-02","Davide",21,1179
"823","2022-07-02","Deji",1,35
"824","2022-07-02","Ekin-Su",69,1772
"825","2022-07-02","Gemma",15,359
"826","2022-07-02","Ikenna",4,19
"827","2022-07-02","Indiyah",35,713
"828","2022-07-02","Jacques",33,265
"829","2022-07-02","Jamie",0,0
"830","2022-07-02","Jay",8,134
"831","2022-07-02","Josh",1,86
"832","2022-07-02","Lacey",0,0
"833","2022-07-02","Liam",0,24
"834","2022-07-02","Luca",20,385
"835","2022-07-02","Nathalia",0,0
"836","2022-07-02","Paige",107,719
"837","2022-07-02","Reece",0,32
"838","2022-07-02","Remi",3,55
"839","2022-07-02","Summer",2,97
"840","2022-07-02","Tasha",68,666
"841","2022-07-03","Adam",3,33
"842","2022-07-03","Afia",0,3
"843","2022-07-03","Amber",21,198
"844","2022-07-03","Andrew",48,1588
"845","2022-07-03","Antigoni",6,175
"846","2022-07-03","Billy",9,392
"847","2022-07-03","Charlie",4,146
"848","2022-07-03","Chyna",2,69
"849","2022-07-03","Coco",1,170
"850","2022-07-03","Dami",326,8968
"851","2022-07-03","Danica",13,230
"852","2022-07-03","Davide",12,477
"853","2022-07-03","Deji",7,528
"854","2022-07-03","Ekin-Su",14,546
"855","2022-07-03","Gemma",43,1434
"856","2022-07-03","Ikenna",6,120
"857","2022-07-03","Indiyah",79,2149
"858","2022-07-03","Jacques",85,896
"859","2022-07-03","Jamie",0,0
"860","2022-07-03","Jay",9,91
"861","2022-07-03","Josh",5,95
"862","2022-07-03","Lacey",0,0
"863","2022-07-03","Liam",5,82
"864","2022-07-03","Luca",98,1631
"865","2022-07-03","Nathalia",0,0
"866","2022-07-03","Paige",41,713
"867","2022-07-03","Reece",0,1
"868","2022-07-03","Remi",3,80
"869","2022-07-03","Summer",18,654
"870","2022-07-03","Tasha",85,1772
"871","2022-07-04","Adam",0,11
"872","2022-07-04","Afia",0,1
"873","2022-07-04","Amber",15,101
"874","2022-07-04","Andrew",125,1746
"875","2022-07-04","Antigoni",2,12
"876","2022-07-04","Billy",3,181
"877","2022-07-04","Charlie",2,17
"878","2022-07-04","Chyna",13,803
"879","2022-07-04","Coco",50,1247
"880","2022-07-04","Dami",393,7016
"881","2022-07-04","Danica",13,406
"882","2022-07-04","Davide",97,2366
"883","2022-07-04","Deji",3,135
"884","2022-07-04","Ekin-Su",77,1282
"885","2022-07-04","Gemma",49,1030
"886","2022-07-04","Ikenna",1,51
"887","2022-07-04","Indiyah",54,1067
"888","2022-07-04","Jacques",37,618
"889","2022-07-04","Jamie",0,0
"890","2022-07-04","Jay",27,1185
"891","2022-07-04","Josh",5,202
"892","2022-07-04","Lacey",0,0
"893","2022-07-04","Liam",4,53
"894","2022-07-04","Luca",286,6194
"895","2022-07-04","Nathalia",0,0
"896","2022-07-04","Paige",19,609
"897","2022-07-04","Reece",0,4
"898","2022-07-04","Remi",3,97
"899","2022-07-04","Summer",12,356
"900","2022-07-04","Tasha",88,1218
"901","2022-07-05","Adam",1,8
"902","2022-07-05","Afia",0,7
"903","2022-07-05","Amber",8,76
"904","2022-07-05","Andrew",270,4248
"905","2022-07-05","Antigoni",0,14
"906","2022-07-05","Billy",19,598
"907","2022-07-05","Charlie",1,11
"908","2022-07-05","Chyna",6,163
"909","2022-07-05","Coco",122,2323
"910","2022-07-05","Dami",260,4290
"911","2022-07-05","Danica",18,1089
"912","2022-07-05","Davide",25,518
"913","2022-07-05","Deji",21,629
"914","2022-07-05","Ekin-Su",30,668
"915","2022-07-05","Gemma",62,1209
"916","2022-07-05","Ikenna",0,71
"917","2022-07-05","Indiyah",53,2309
"918","2022-07-05","Jacques",226,1754
"919","2022-07-05","Jamie",0,2
"920","2022-07-05","Jay",15,285
"921","2022-07-05","Josh",1,48
"922","2022-07-05","Lacey",0,0
"923","2022-07-05","Liam",5,109
"924","2022-07-05","Luca",41,892
"925","2022-07-05","Nathalia",0,0
"926","2022-07-05","Paige",158,1245
"927","2022-07-05","Reece",0,4
"928","2022-07-05","Remi",8,141
"929","2022-07-05","Summer",28,841
"930","2022-07-05","Tasha",137,2133
"931","2022-07-06","Adam",0,6
"932","2022-07-06","Afia",0,0
"933","2022-07-06","Amber",12,84
"934","2022-07-06","Andrew",71,2036
"935","2022-07-06","Antigoni",0,4
"936","2022-07-06","Billy",8,246
"937","2022-07-06","Charlie",2,17
"938","2022-07-06","Chyna",2,115
"939","2022-07-06","Coco",13,309
"940","2022-07-06","Dami",104,1858
"941","2022-07-06","Danica",10,339
"942","2022-07-06","Davide",20,537
"943","2022-07-06","Deji",15,593
"944","2022-07-06","Ekin-Su",32,793
"945","2022-07-06","Gemma",23,619
"946","2022-07-06","Ikenna",5,36
"947","2022-07-06","Indiyah",46,1317
"948","2022-07-06","Jacques",196,2628
"949","2022-07-06","Jamie",0,1
"950","2022-07-06","Jay",15,350
"951","2022-07-06","Josh",1,104
"952","2022-07-06","Lacey",0,0
"953","2022-07-06","Liam",3,128
"954","2022-07-06","Luca",37,811
"955","2022-07-06","Nathalia",1,1
"956","2022-07-06","Paige",153,4197
"957","2022-07-06","Reece",0,4
"958","2022-07-06","Remi",0,68
"959","2022-07-06","Summer",11,234
"960","2022-07-06","Tasha",84,1488
"961","2022-07-07","Adam",0,4
"962","2022-07-07","Afia",0,6
"963","2022-07-07","Amber",8,105
"964","2022-07-07","Andrew",96,1791
"965","2022-07-07","Antigoni",1,9
"966","2022-07-07","Billy",3,132
"967","2022-07-07","Charlie",0,14
"968","2022-07-07","Chyna",2,108
"969","2022-07-07","Coco",16,374
"970","2022-07-07","Dami",247,4739
"971","2022-07-07","Danica",7,293
"972","2022-07-07","Davide",50,1149
"973","2022-07-07","Deji",7,314
"974","2022-07-07","Ekin-Su",68,1420
"975","2022-07-07","Gemma",54,1021
"976","2022-07-07","Ikenna",2,37
"977","2022-07-07","Indiyah",85,3109
"978","2022-07-07","Jacques",411,5020
"979","2022-07-07","Jamie",0,1
"980","2022-07-07","Jay",7,274
"981","2022-07-07","Josh",1,68
"982","2022-07-07","Lacey",0,0
"983","2022-07-07","Liam",7,122
"984","2022-07-07","Luca",39,735
"985","2022-07-07","Nathalia",0,0
"986","2022-07-07","Paige",272,4241
"987","2022-07-07","Reece",0,4
"988","2022-07-07","Remi",7,90
"989","2022-07-07","Summer",19,521
"990","2022-07-07","Tasha",67,1265
"991","2022-07-08","Adam",0,9
"992","2022-07-08","Afia",0,2
"993","2022-07-08","Amber",2,27
"994","2022-07-08","Andrew",344,4473
"995","2022-07-08","Antigoni",0,7
"996","2022-07-08","Billy",16,358
"997","2022-07-08","Charlie",1,12
"998","2022-07-08","Chyna",15,265
"999","2022-07-08","Coco",73,2954
"1000","2022-07-08","Dami",140,1651
"1001","2022-07-08","Danica",14,297
"1002","2022-07-08","Davide",90,5032
"1003","2022-07-08","Deji",11,451
"1004","2022-07-08","Ekin-Su",31,1035
"1005","2022-07-08","Gemma",36,555
"1006","2022-07-08","Ikenna",0,15
"1007","2022-07-08","Indiyah",31,1079
"1008","2022-07-08","Jacques",80,1034
"1009","2022-07-08","Jamie",0,5
"1010","2022-07-08","Jay",29,571
"1011","2022-07-08","Josh",11,176
"1012","2022-07-08","Lacey",0,0
"1013","2022-07-08","Liam",0,20
"1014","2022-07-08","Luca",66,846
"1015","2022-07-08","Nathalia",0,0
"1016","2022-07-08","Paige",72,1299
"1017","2022-07-08","Reece",0,3
"1018","2022-07-08","Remi",1,42
"1019","2022-07-08","Summer",17,341
"1020","2022-07-08","Tasha",258,4623
"1021","2022-07-09","Adam",0,3
"1022","2022-07-09","Afia",0,2
"1023","2022-07-09","Amber",6,39
"1024","2022-07-09","Andrew",170,1869
"1025","2022-07-09","Antigoni",2,27
"1026","2022-07-09","Billy",15,258
"1027","2022-07-09","Charlie",1,15
"1028","2022-07-09","Chyna",14,201
"1029","2022-07-09","Coco",44,795
"1030","2022-07-09","Dami",102,1316
"1031","2022-07-09","Danica",7,197
"1032","2022-07-09","Davide",40,679
"1033","2022-07-09","Deji",2,149
"1034","2022-07-09","Ekin-Su",27,739
"1035","2022-07-09","Gemma",42,743
"1036","2022-07-09","Ikenna",1,14
"1037","2022-07-09","Indiyah",23,508
"1038","2022-07-09","Jacques",127,1209
"1039","2022-07-09","Jamie",0,8
"1040","2022-07-09","Jay",24,558
"1041","2022-07-09","Josh",5,108
"1042","2022-07-09","Lacey",0,0
"1043","2022-07-09","Liam",1,24
"1044","2022-07-09","Luca",66,758
"1045","2022-07-09","Nathalia",0,0
"1046","2022-07-09","Paige",80,1075
"1047","2022-07-09","Reece",0,22
"1048","2022-07-09","Remi",4,52
"1049","2022-07-09","Summer",8,149
"1050","2022-07-09","Tasha",126,1384
"1051","2022-07-10","Adam",335,8868
"1052","2022-07-10","Afia",0,3
"1053","2022-07-10","Amber",0,52
"1054","2022-07-10","Andrew",80,1592
"1055","2022-07-10","Antigoni",0,3
"1056","2022-07-10","Billy",18,309
"1057","2022-07-10","Charlie",0,0
"1058","2022-07-10","Chyna",30,503
"1059","2022-07-10","Coco",22,767
"1060","2022-07-10","Dami",145,2191
"1061","2022-07-10","Danica",24,560
"1062","2022-07-10","Davide",14,482
"1063","2022-07-10","Deji",10,307
"1064","2022-07-10","Ekin-Su",30,1052
"1065","2022-07-10","Gemma",21,609
"1066","2022-07-10","Ikenna",1,12
"1067","2022-07-10","Indiyah",34,806
"1068","2022-07-10","Jacques",83,1353
"1069","2022-07-10","Jamie",0,1
"1070","2022-07-10","Jay",45,734
"1071","2022-07-10","Josh",16,157
"1072","2022-07-10","Lacey",0,0
"1073","2022-07-10","Liam",3,50
"1074","2022-07-10","Luca",33,513
"1075","2022-07-10","Nathalia",0,0
"1076","2022-07-10","Paige",57,1377
"1077","2022-07-10","Reece",0,4
"1078","2022-07-10","Remi",2,38
"1079","2022-07-10","Summer",14,402
"1080","2022-07-10","Tasha",44,914
"1081","2022-07-11","Adam",238,6870
"1082","2022-07-11","Afia",1,4
"1083","2022-07-11","Amber",0,18
"1084","2022-07-11","Andrew",40,488
"1085","2022-07-11","Antigoni",0,7
"1086","2022-07-11","Billy",5,87
"1087","2022-07-11","Charlie",0,11
"1088","2022-07-11","Chyna",10,74
"1089","2022-07-11","Coco",7,105
"1090","2022-07-11","Dami",53,632
"1091","2022-07-11","Danica",16,695
"1092","2022-07-11","Davide",33,773
"1093","2022-07-11","Deji",5,97
"1094","2022-07-11","Ekin-Su",243,5232
"1095","2022-07-11","Gemma",213,3870
"1096","2022-07-11","Ikenna",0,15
"1097","2022-07-11","Indiyah",45,705
"1098","2022-07-11","Jacques",221,3929
"1099","2022-07-11","Jamie",0,1
"1100","2022-07-11","Jay",14,182
"1101","2022-07-11","Josh",0,27
"1102","2022-07-11","Lacey",0,0
"1103","2022-07-11","Liam",2,27
"1104","2022-07-11","Luca",58,2279
"1105","2022-07-11","Nathalia",0,0
"1106","2022-07-11","Paige",141,2624
"1107","2022-07-11","Reece",0,3
"1108","2022-07-11","Remi",2,58
"1109","2022-07-11","Summer",3,206
"1110","2022-07-11","Tasha",68,1473
"1111","2022-07-12","Adam",56,2043
"1112","2022-07-12","Afia",0,2
"1113","2022-07-12","Amber",0,35
"1114","2022-07-12","Andrew",27,333
"1115","2022-07-12","Antigoni",0,7
"1116","2022-07-12","Billy",20,342
"1117","2022-07-12","Charlie",0,7
"1118","2022-07-12","Chyna",1,11
"1119","2022-07-12","Coco",7,82
"1120","2022-07-12","Dami",13,262
"1121","2022-07-12","Danica",5,93
"1122","2022-07-12","Davide",7,213
"1123","2022-07-12","Deji",2,52
"1124","2022-07-12","Ekin-Su",26,411
"1125","2022-07-12","Gemma",38,1145
"1126","2022-07-12","Ikenna",0,4
"1127","2022-07-12","Indiyah",7,152
"1128","2022-07-12","Jacques",397,8553
"1129","2022-07-12","Jamie",0,1
"1130","2022-07-12","Jay",3,79
"1131","2022-07-12","Josh",2,46
"1132","2022-07-12","Lacey",0,0
"1133","2022-07-12","Liam",1,58
"1134","2022-07-12","Luca",77,3092
"1135","2022-07-12","Nathalia",0,0
"1136","2022-07-12","Paige",146,5320
"1137","2022-07-12","Reece",0,3
"1138","2022-07-12","Remi",11,136
"1139","2022-07-12","Summer",1,91
"1140","2022-07-12","Tasha",32,364
"1141","2022-07-13","Adam",37,675
"1142","2022-07-13","Afia",0,6
"1143","2022-07-13","Amber",2,14
"1144","2022-07-13","Andrew",25,263
"1145","2022-07-13","Antigoni",0,40
"1146","2022-07-13","Billy",20,1629
"1147","2022-07-13","Charlie",0,7
"1148","2022-07-13","Chyna",1,166
"1149","2022-07-13","Coco",24,421
"1150","2022-07-13","Dami",47,755
"1151","2022-07-13","Danica",44,2998
"1152","2022-07-13","Davide",72,1510
"1153","2022-07-13","Deji",22,687
"1154","2022-07-13","Ekin-Su",76,1372
"1155","2022-07-13","Gemma",336,3424
"1156","2022-07-13","Ikenna",1,10
"1157","2022-07-13","Indiyah",39,1097
"1158","2022-07-13","Jacques",28,356
"1159","2022-07-13","Jamie",0,4
"1160","2022-07-13","Jay",1,47
"1161","2022-07-13","Josh",33,698
"1162","2022-07-13","Lacey",0,0
"1163","2022-07-13","Liam",5,36
"1164","2022-07-13","Luca",313,3231
"1165","2022-07-13","Nathalia",0,0
"1166","2022-07-13","Paige",22,430
"1167","2022-07-13","Reece",0,4
"1168","2022-07-13","Remi",4,102
"1169","2022-07-13","Summer",39,866
"1170","2022-07-13","Tasha",32,403
"1171","2022-07-14","Adam",10,223
"1172","2022-07-14","Afia",0,2
"1173","2022-07-14","Amber",1,16
"1174","2022-07-14","Andrew",418,5243
"1175","2022-07-14","Antigoni",0,5
"1176","2022-07-14","Billy",30,1613
"1177","2022-07-14","Charlie",0,5
"1178","2022-07-14","Chyna",0,17
"1179","2022-07-14","Coco",109,1310
"1180","2022-07-14","Dami",34,686
"1181","2022-07-14","Danica",20,1773
"1182","2022-07-14","Davide",31,698
"1183","2022-07-14","Deji",33,787
"1184","2022-07-14","Ekin-Su",73,1032
"1185","2022-07-14","Gemma",79,1005
"1186","2022-07-14","Ikenna",1,6
"1187","2022-07-14","Indiyah",26,719
"1188","2022-07-14","Jacques",17,232
"1189","2022-07-14","Jamie",0,2
"1190","2022-07-14","Jay",1,18
"1191","2022-07-14","Josh",15,318
"1192","2022-07-14","Lacey",0,0
"1193","2022-07-14","Liam",0,12
"1194","2022-07-14","Luca",30,628
"1195","2022-07-14","Nathalia",0,0
"1196","2022-07-14","Paige",20,349
"1197","2022-07-14","Reece",0,3
"1198","2022-07-14","Remi",3,32
"1199","2022-07-14","Summer",23,875
"1200","2022-07-14","Tasha",476,6506
"1201","2022-07-15","Adam",8,139
"1202","2022-07-15","Afia",0,1
"1203","2022-07-15","Amber",2,27
"1204","2022-07-15","Andrew",35,422
"1205","2022-07-15","Antigoni",1,2
"1206","2022-07-15","Billy",18,728
"1207","2022-07-15","Charlie",0,3
"1208","2022-07-15","Chyna",0,7
"1209","2022-07-15","Coco",19,184
"1210","2022-07-15","Dami",120,2792
"1211","2022-07-15","Danica",5,98
"1212","2022-07-15","Davide",66,1571
"1213","2022-07-15","Deji",30,3599
"1214","2022-07-15","Ekin-Su",134,2632
"1215","2022-07-15","Gemma",79,1630
"1216","2022-07-15","Ikenna",0,5
"1217","2022-07-15","Indiyah",30,1622
"1218","2022-07-15","Jacques",14,257
"1219","2022-07-15","Jamie",0,1
"1220","2022-07-15","Jay",0,17
"1221","2022-07-15","Josh",12,90
"1222","2022-07-15","Lacey",0,0
"1223","2022-07-15","Liam",1,9
"1224","2022-07-15","Luca",189,3695
"1225","2022-07-15","Nathalia",0,0
"1226","2022-07-15","Paige",13,357
"1227","2022-07-15","Reece",0,0
"1228","2022-07-15","Remi",3,34
"1229","2022-07-15","Summer",16,228
"1230","2022-07-15","Tasha",113,1296
"1231","2022-07-16","Adam",16,196
"1232","2022-07-16","Afia",0,2
"1233","2022-07-16","Amber",2,29
"1234","2022-07-16","Andrew",44,410
"1235","2022-07-16","Antigoni",0,19
"1236","2022-07-16","Billy",3,157
"1237","2022-07-16","Charlie",3,11
"1238","2022-07-16","Chyna",0,17
"1239","2022-07-16","Coco",12,126
"1240","2022-07-16","Dami",58,708
"1241","2022-07-16","Danica",30,244
"1242","2022-07-16","Davide",30,676
"1243","2022-07-16","Deji",5,347
"1244","2022-07-16","Ekin-Su",55,933
"1245","2022-07-16","Gemma",34,544
"1246","2022-07-16","Ikenna",2,12
"1247","2022-07-16","Indiyah",21,388
"1248","2022-07-16","Jacques",31,365
"1249","2022-07-16","Jamie",0,1
"1250","2022-07-16","Jay",1,34
"1251","2022-07-16","Josh",25,151
"1252","2022-07-16","Lacey",0,0
"1253","2022-07-16","Liam",1,20
"1254","2022-07-16","Luca",69,860
"1255","2022-07-16","Nathalia",0,0
"1256","2022-07-16","Paige",28,367
"1257","2022-07-16","Reece",0,0
"1258","2022-07-16","Remi",2,28
"1259","2022-07-16","Summer",7,140
"1260","2022-07-16","Tasha",108,1045
"1261","2022-07-17","Adam",91,1655
"1262","2022-07-17","Afia",0,1
"1263","2022-07-17","Amber",3,83
"1264","2022-07-17","Andrew",36,554
"1265","2022-07-17","Antigoni",0,1
"1266","2022-07-17","Billy",54,1006
"1267","2022-07-17","Charlie",1,5
"1268","2022-07-17","Chyna",1,194
"1269","2022-07-17","Coco",5,93
"1270","2022-07-17","Dami",242,2806
"1271","2022-07-17","Danica",15,299
"1272","2022-07-17","Davide",129,1371
"1273","2022-07-17","Deji",26,429
"1274","2022-07-17","Ekin-Su",194,2629
"1275","2022-07-17","Gemma",241,2682
"1276","2022-07-17","Ikenna",1,10
"1277","2022-07-17","Indiyah",125,2096
"1278","2022-07-17","Jacques",78,2461
"1279","2022-07-17","Jamie",0,3
"1280","2022-07-17","Jay",8,121
"1281","2022-07-17","Josh",5,38
"1282","2022-07-17","Lacey",0,0
"1283","2022-07-17","Liam",1,17
"1284","2022-07-17","Luca",547,4557
"1285","2022-07-17","Nathalia",0,0
"1286","2022-07-17","Paige",131,2315
"1287","2022-07-17","Reece",0,1
"1288","2022-07-17","Remi",5,55
"1289","2022-07-17","Summer",123,1830
"1290","2022-07-17","Tasha",61,678
"1291","2022-07-18","Adam",45,588
"1292","2022-07-18","Afia",0,1
"1293","2022-07-18","Amber",0,32
"1294","2022-07-18","Andrew",70,1032
"1295","2022-07-18","Antigoni",0,2
"1296","2022-07-18","Billy",26,677
"1297","2022-07-18","Charlie",0,2
"1298","2022-07-18","Chyna",1,5
"1299","2022-07-18","Coco",1,9
"1300","2022-07-18","Dami",406,6261
"1301","2022-07-18","Danica",53,743
"1302","2022-07-18","Davide",82,618
"1303","2022-07-18","Deji",60,1656
"1304","2022-07-18","Ekin-Su",82,1407
"1305","2022-07-18","Gemma",102,1817
"1306","2022-07-18","Ikenna",2,19
"1307","2022-07-18","Indiyah",133,3868
"1308","2022-07-18","Jacques",18,283
"1309","2022-07-18","Jamie",0,0
"1310","2022-07-18","Jay",1,23
"1311","2022-07-18","Josh",0,5
"1312","2022-07-18","Lacey",0,0
"1313","2022-07-18","Liam",0,11
"1314","2022-07-18","Luca",382,4631
"1315","2022-07-18","Nathalia",0,0
"1316","2022-07-18","Paige",175,2914
"1317","2022-07-18","Reece",0,0
"1318","2022-07-18","Remi",4,35
"1319","2022-07-18","Summer",64,2901
"1320","2022-07-18","Tasha",168,1988
"1321","2022-07-19","Adam",28,251
"1322","2022-07-19","Afia",0,2
"1323","2022-07-19","Amber",3,24
"1324","2022-07-19","Andrew",35,444
"1325","2022-07-19","Antigoni",2,5
"1326","2022-07-19","Billy",206,3189
"1327","2022-07-19","Charlie",1,6
"1328","2022-07-19","Chyna",0,0
"1329","2022-07-19","Coco",0,11
"1330","2022-07-19","Dami",473,6838
"1331","2022-07-19","Danica",177,4458
"1332","2022-07-19","Davide",38,374
"1333","2022-07-19","Deji",37,853
"1334","2022-07-19","Ekin-Su",35,539
"1335","2022-07-19","Gemma",23,346
"1336","2022-07-19","Ikenna",0,5
"1337","2022-07-19","Indiyah",95,1353
"1338","2022-07-19","Jacques",8,79
"1339","2022-07-19","Jamie",0,0
"1340","2022-07-19","Jay",2,23
"1341","2022-07-19","Josh",0,6
"1342","2022-07-19","Lacey",0,1
"1343","2022-07-19","Liam",2,13
"1344","2022-07-19","Luca",355,4497
"1345","2022-07-19","Nathalia",0,0
"1346","2022-07-19","Paige",58,692
"1347","2022-07-19","Reece",0,0
"1348","2022-07-19","Remi",2,42
"1349","2022-07-19","Summer",122,2070
"1350","2022-07-19","Tasha",163,1795
"1351","2022-07-20","Adam",95,1417
"1352","2022-07-20","Afia",0,0
"1353","2022-07-20","Amber",2,35
"1354","2022-07-20","Andrew",32,487
"1355","2022-07-20","Antigoni",0,14
"1356","2022-07-20","Billy",17,126
"1357","2022-07-20","Charlie",0,4
"1358","2022-07-20","Chyna",0,6
"1359","2022-07-20","Coco",3,59
"1360","2022-07-20","Dami",479,4298
"1361","2022-07-20","Danica",37,1674
"1362","2022-07-20","Davide",228,3898
"1363","2022-07-20","Deji",113,1986
"1364","2022-07-20","Ekin-Su",198,4377
"1365","2022-07-20","Gemma",38,555
"1366","2022-07-20","Ikenna",1,23
"1367","2022-07-20","Indiyah",45,623
"1368","2022-07-20","Jacques",8,172
"1369","2022-07-20","Jamie",6,382
"1370","2022-07-20","Jay",0,44
"1371","2022-07-20","Josh",1,25
"1372","2022-07-20","Lacey",4,306
"1373","2022-07-20","Liam",0,12
"1374","2022-07-20","Luca",113,1260
"1375","2022-07-20","Nathalia",47,1933
"1376","2022-07-20","Paige",84,975
"1377","2022-07-20","Reece",13,592
"1378","2022-07-20","Remi",2,77
"1379","2022-07-20","Summer",16,206
"1380","2022-07-20","Tasha",68,926
"1381","2022-07-21","Adam",251,4222
"1382","2022-07-21","Afia",0,2
"1383","2022-07-21","Amber",1,37
"1384","2022-07-21","Andrew",8,146
"1385","2022-07-21","Antigoni",0,5
"1386","2022-07-21","Billy",1,33
"1387","2022-07-21","Charlie",0,5
"1388","2022-07-21","Chyna",1,12
"1389","2022-07-21","Coco",4,17
"1390","2022-07-21","Dami",66,634
"1391","2022-07-21","Danica",51,2151
"1392","2022-07-21","Davide",31,775
"1393","2022-07-21","Deji",107,1793
"1394","2022-07-21","Ekin-Su",193,4184
"1395","2022-07-21","Gemma",21,411
"1396","2022-07-21","Ikenna",0,13
"1397","2022-07-21","Indiyah",27,567
"1398","2022-07-21","Jacques",24,1034
"1399","2022-07-21","Jamie",9,335
"1400","2022-07-21","Jay",2,33
"1401","2022-07-21","Josh",4,12
"1402","2022-07-21","Lacey",38,556
"1403","2022-07-21","Liam",0,8
"1404","2022-07-21","Luca",32,301
"1405","2022-07-21","Nathalia",149,2598
"1406","2022-07-21","Paige",216,4853
"1407","2022-07-21","Reece",63,1216
"1408","2022-07-21","Remi",1,100
"1409","2022-07-21","Summer",13,124
"1410","2022-07-21","Tasha",12,210
"1411","2022-07-22","Adam",51,774
"1412","2022-07-22","Afia",0,12
"1413","2022-07-22","Amber",0,18
"1414","2022-07-22","Andrew",31,487
"1415","2022-07-22","Antigoni",0,8
"1416","2022-07-22","Billy",0,17
"1417","2022-07-22","Charlie",0,13
"1418","2022-07-22","Chyna",1,8
"1419","2022-07-22","Coco",7,22
"1420","2022-07-22","Dami",141,2148
"1421","2022-07-22","Danica",67,2164
"1422","2022-07-22","Davide",50,2026
"1423","2022-07-22","Deji",29,1113
"1424","2022-07-22","Ekin-Su",158,4187
"1425","2022-07-22","Gemma",174,1392
"1426","2022-07-22","Ikenna",0,8
"1427","2022-07-22","Indiyah",77,1566
"1428","2022-07-22","Jacques",6,214
"1429","2022-07-22","Jamie",14,480
"1430","2022-07-22","Jay",0,12
"1431","2022-07-22","Josh",1,10
"1432","2022-07-22","Lacey",10,393
"1433","2022-07-22","Liam",1,10
"1434","2022-07-22","Luca",98,1148
"1435","2022-07-22","Nathalia",109,2868
"1436","2022-07-22","Paige",66,869
"1437","2022-07-22","Reece",73,2343
"1438","2022-07-22","Remi",6,93
"1439","2022-07-22","Summer",4,50
"1440","2022-07-22","Tasha",33,542
